<?xml version="1.0" encoding="UTF-8"?>
<!-- This file was auto-generated from WSDL -->
<!-- by the Apache Axis2 version: 1.6.0  Built on : May 17, 2011 (04:19:43 IST) -->
<serviceGroup>
    <service name="NlaService">
        <messageReceivers>
            <messageReceiver mep="http://www.w3.org/ns/wsdl/in-out" class="it.init.sigepro.rte.definitions.NlaServiceMessageReceiverInOut"/>
        </messageReceivers>
        <parameter name="ServiceClass">it.init.sigepro.rte.definitions.NlaServiceSkeleton</parameter>
        <parameter name="useOriginalwsdl">true</parameter>
        <parameter name="modifyUserWSDLPortAddress">true</parameter>
        <operation name="InserimentoPraticaNLA" mep="http://www.w3.org/ns/wsdl/in-out" namespace="http://sigepro.init.it/rte/definitions">
            <actionMapping>http://sigepro.init.it/rte/definitions/Nla/InserimentoPraticaNLARequest</actionMapping>
            <outputActionMapping>http://sigepro.init.it/rte/definitions/Nla/InserimentoPraticaNLAResponse</outputActionMapping>
        </operation>
        <operation name="RichiestaPraticheListaNLA" mep="http://www.w3.org/ns/wsdl/in-out" namespace="http://sigepro.init.it/rte/definitions">
            <actionMapping>http://sigepro.init.it/rte/definitions/Nla/RichiestaPraticheListaNLARequest</actionMapping>
            <outputActionMapping>http://sigepro.init.it/rte/definitions/Nla/RichiestaPraticheListaNLAResponse</outputActionMapping>
        </operation>
        <operation name="AllegatoBinarioNLA" mep="http://www.w3.org/ns/wsdl/in-out" namespace="http://sigepro.init.it/rte/definitions">
            <actionMapping>http://sigepro.init.it/rte/definitions/Nla/AllegatoBinarioNLARequest</actionMapping>
            <outputActionMapping>http://sigepro.init.it/rte/definitions/Nla/AllegatoBinarioNLAResponse</outputActionMapping>
        </operation>
        <operation name="TestNLA" mep="http://www.w3.org/ns/wsdl/in-out" namespace="http://sigepro.init.it/rte/definitions">
            <actionMapping>http://sigepro.init.it/rte/definitions/Nla/TestNLARequest</actionMapping>
            <outputActionMapping>http://sigepro.init.it/rte/definitions/Nla/TestNLAResponse</outputActionMapping>
        </operation>
        <operation name="RichiestaPraticaNLA" mep="http://www.w3.org/ns/wsdl/in-out" namespace="http://sigepro.init.it/rte/definitions">
            <actionMapping>http://sigepro.init.it/rte/definitions/Nla/RichiestaPraticaNLARequest</actionMapping>
            <outputActionMapping>http://sigepro.init.it/rte/definitions/Nla/RichiestaPraticaNLAResponse</outputActionMapping>
        </operation>
        <operation name="InserimentoAttivitaNLA" mep="http://www.w3.org/ns/wsdl/in-out" namespace="http://sigepro.init.it/rte/definitions">
            <actionMapping>http://sigepro.init.it/rte/definitions/Nla/InserimentoAttivitaNLARequest</actionMapping>
            <outputActionMapping>http://sigepro.init.it/rte/definitions/Nla/InserimentoAttivitaNLAResponse</outputActionMapping>
        </operation>
    </service>
</serviceGroup>
