{
    "$schema": "./node_modules/@angular/cli/lib/config/schema.json",
    "project": {
        "name": "ng2-frontoffice-design-italia"
    },
    "apps": [{
        "root": "src",
        "outDir": "dist",
        "assets": [
            "assets",
            "../web.config.sample",
            "../default.asp.sample",
            "favicon.ico",
            {
                "glob": "**/*",
                "input": "../node_modules/leaflet/dist/images",
                "output": "./assets/"
            }
        ],
        "index": "index.html",
        "main": "main.ts",
        "polyfills": "polyfills.ts",
        "test": "test.ts",
        "tsconfig": "tsconfig.app.json",
        "testTsconfig": "tsconfig.spec.json",
        "prefix": "app",
        "styles": [
            "styles.less",
            "assets/style/default/style.less",
            "../node_modules/ngx-bootstrap/datepicker/bs-datepicker.css",
            "../node_modules/leaflet/dist/leaflet.css"
        ],
        "scripts": [],
        "environmentSource": "environments/environment.ts",
        "environments": {
            "dev": "environments/environment.ts",
            "prod": "environments/environment.prod.ts"
        }
    }],
    "e2e": {
        "protractor": {
            "config": "./protractor.conf.js"
        }
    },
    "lint": [{
            "project": "src/tsconfig.app.json",
            "exclude": "**/node_modules/**"
        },
        {
            "project": "src/tsconfig.spec.json",
            "exclude": "**/node_modules/**"
        },
        {
            "project": "e2e/tsconfig.e2e.json",
            "exclude": "**/node_modules/**"
        }
    ],
    "test": {
        "karma": {
            "config": "./karma.conf.js"
        }
    },
    "defaults": {
        "styleExt": "less",
        "component": {}
    }
}