{
	"globals": {
		"urlQuestionario": "",
		"denominazioneComune": "Comune di Gualdo Tadino",
		"denominazioneSportello": "Sportello Unico per le Attività Produttive",
		"denominazioneRegione": "Regione Umbria",
		"linkRegione": "http://www.regione.umbria.it/",
		"canaliSocial": [
			{
				"tipo": "twitter",
				"link": "#"
			},
			{
				"tipo": "facebook",
				"link": "#"
			},
			{
				"tipo": "youtube",
				"link": "#"
			}
		],
		"footerLinks": [
			{
				"titolo": "Crediti",
				"link": "#"
			},
			{
				"titolo": "Note legali",
				"link": "#"
			},
			{
				"titolo": "Privacy policy e cookie",
				"link": "#"
			},
			{
				"titolo": "Contatti",
				"link": "#"
			}
		]
	},
	"serviziRegionali": {
		"baseUrl": "https://suape.regione.umbria.it/servizi-console/public_json/",
		"alias": "CE256",
		"software": "SS",
		"urlVisura": "http://back.sporvic.it/stc-mobile-services/services/rest"
	},
	"backend": {
		"baseUrl": "https://suape.regione.umbria.it/areariservata2/public_json/",
		"alias": "CE256",
		"software": "SS",
		"urlVisura": "https://suape.regione.umbria.it/stc-mobile-services/services/rest",
		"areaRiservata": {
			"urlLogin": "Login.aspx?idComune={alias}&software={software}",
			"baseUrl": "https://suape.regione.umbria.it/AreaRiservata/",
			"urlRegistrazione": "Registrazione.aspx?idComune={alias}&software={software}",
			"urlNuovaDomanda": "login/{alias}/{software}",
			"urlLeMiePratiche": "reserved/IstanzePresentate.aspx?idComune={alias}&software={software}",
			"urlArchivioPratiche": "reserved/ArchivioPratiche.aspx?idComune={alias}&software={software}",
			"urlScadenzario": "reserved/Scadenzario.aspx?idComune={alias}&software={software}",
			"urlDownloadModelloDomanda": "Public/ModelloDomanda/ModelloDomandaHandler.ashx?idComune={alias}&software={software}"
		}
	},
	"risorse": {
		"scrivaniaVirtuale.titolo": "ACCEDI",
		"serviceDesk.titolo": "Service desk",
		"serviceDesk.link": "http://www.umbriadigitale.it/service-desk"
	}
}