{
    "globals": {
        "urlQuestionario": "http://www.comune.fi.it/export/sites/retecivica/comune_firenze/sondaggi/questionario-suap.html",
        "denominazioneComune": "Comune di Gualdo Tadino",
        "denominazioneSportello": "Sportello Unico per le Attività Produttive",
        "denominazioneRegione": "Regione Umbria",
        "linkRegione": "http://www.regione.umbria.it/",


        "canaliSocial": [{
                "tipo": "twitter",
                "link": "#"
            },
            {
                "tipo": "facebook",
                "link": "#"
            },
            {
                "tipo": "youtube",
                "link": "#"
            }
        ],

        "footerLinks": [{
                "titolo": "Crediti",
                "link": "#"
            },
            {
                "titolo": "Note legali",
                "link": "#"
            },
            {
                "titolo": "Privacy policy e cookie",
                "link": "#"
            },
            {
                "titolo": "Contatti",
                "link": "#"
            }
        ]
    },

    "serviziRegionali": {
        "baseUrl": "https://servizi2.suap.toscana.it/suap-accettatore/public_json/",
        "alias": "D612",
        "software": "SS",
        "urlDownloadModelloDomanda": ""
    },

    "backend": {
        "baseUrl": "https://suap.comune.fi.it/areariservata2/public_json/",
        "alias": "DEF",
        "software": "SS",
        "urlVisura": "https://suap.comune.fi.it/stc-mobile-services/services/rest",

        "areaRiservata": {
            "baseUrl": "https://suap.comune.fi.it/areariservata/",
            "urlLogin": "Login.aspx?idComune={alias}&software={software}",
            "urlRegistrazione": "Registrazione.aspx?idComune={alias}&software={software}",
            "urlNuovaDomanda": "https://servizi2.suap.toscana.it/suap-accettatore/C113/nuovadomanda",
            "urlLeMiePratiche": "https://servizi2.suap.toscana.it/suap-accettatore/C113/lemiepratiche",
            "urlArchivioPratiche": "reserved/ArchivioPratiche.aspx?idComune={alias}&software={software}",
            "urlScadenzario": "reserved/Scadenzario.aspx?idComune={alias}&software={software}",
            "urlDownloadModelloDomanda": "Public/ModelloDomanda/ModelloDomandaHandler.ashx?idComune={alias}&software={software}"
        }
    },
    "risorse": {
      "scrivaniaVirtuale.titolo": "Area riservata",
      "serviceDesk.titolo": "Service desk",
      "serviceDesk.link": "http://www.umbriadigitale.it/service-desk"
    }

}